Ozzy,osaipy0@storify.com,Non-binary
Fidelio,fjerger1@sciencedaily.com,Female
Sammy,sschonfeld2@goo.ne.jp,Male
Livvy,lhlavac3@lycos.com,Polygender
Calv,cmcgillicuddy4@state.gov,Non-binary
Nikki,nbonhomme5@altervista.org,Female
Rae,rbrimham6@state.tx.us,Agender
Kev,ksieve7@dailymotion.com,Male
Lyndel,lede8@multiply.com,Female
Dane,dmouat9@lycos.com,Bigender
Maurizio,mgawitha@msn.com,Female
Onida,oradeliffeb@uol.com.br,Male
Erskine,epurplec@reverbnation.com,Bigender
Elvina,emoneyd@globo.com,Genderfluid
Melisa,mluffmane@github.com,Genderfluid
Gwyn,gdorkingf@naver.com,Bigender
Kerri,kdalbeyg@statcounter.com,Male
Philis,pchisnellh@wired.com,Male
Tisha,tsercki@theatlantic.com,Genderqueer
Regen,rroderhamj@wix.com,Polygender
Laurianne,lcanetk@addtoany.com,Female
Dollie,dbiaginil@barnesandnoble.com,Genderqueer
Ansel,agrabbanm@techcrunch.com,Polygender
Tessi,tweetchn@nyu.edu,Non-binary
Lorne,lbothramo@multiply.com,Bigender
Giuseppe,ggaddesp@google.cn,Genderfluid
Gibbie,gspaldinq@technorati.com,Non-binary
Teressa,thollowsr@dropbox.com,Agender
Edith,ebonifass@blinklist.com,Agender
Carl,cwilacott@surveymonkey.com,Bigender
Evangelin,eromaou@kickstarter.com,Genderfluid
Sampson,sjanningsv@forbes.com,Genderqueer
Freddy,fpaddemorew@oakley.com,Polygender
Lynette,ltuckeyx@craigslist.org,Bigender
Prinz,ptowey@reverbnation.com,Polygender
Damian,dleemingz@hugedomains.com,Polygender
Savina,sschiementz10@answers.com,Agender
Bobbette,bitzcovich11@goo.ne.jp,Genderqueer
Adriaens,aslewcock12@nps.gov,Male
Aurore,awaumsley13@hp.com,Agender
Colette,cbeautyman14@pbs.org,Agender
Anne-corinne,apietrusiak15@theguardian.com,Agender
Collie,ctinman16@qq.com,Agender
Karee,kseys17@miibeian.gov.cn,Agender
Vannie,voneile18@nydailynews.com,Polygender
Angelika,aboldison19@google.com.hk,Agender
Granville,gstaden1a@seesaa.net,Agender
Tiler,tmaher1b@livejournal.com,Genderfluid
Bondy,bvickerman1c@twitter.com,Polygender
Tobi,twhoston1d@homestead.com,Non-binary
Nye,ncridge1e@salon.com,Female
Maurice,melias1f@berkeley.edu,Genderqueer
Conny,caikin1g@homestead.com,Female
Monika,msole1h@nih.gov,Polygender
Osborn,opettifor1i@drupal.org,Genderfluid
Lay,lbranney1j@hubpages.com,Agender
Roderigo,rcollis1k@businesswire.com,Genderfluid
Eli,ewettern1l@disqus.com,Female
Micheal,mphant1m@ftc.gov,Bigender
Courtnay,cswinford1n@google.com.au,Bigender
Adan,agoodey1o@example.com,Agender
Upton,uhinchcliffe1p@si.edu,Genderfluid
Vere,vrudinger1q@hostgator.com,Agender
Darell,dbeinke1r@accuweather.com,Genderfluid
Brita,bredsall1s@spotify.com,Non-binary
Kin,kmacari1t@creativecommons.org,Non-binary
Garner,grackham1u@unblog.fr,Bigender
Griz,gdunseath1v@addtoany.com,Non-binary
Alick,areijmers1w@ocn.ne.jp,Female
Logan,lbabbe1x@ucoz.ru,Male
Erny,efanshaw1y@mapquest.com,Bigender
Joane,jbaynon1z@nymag.com,Bigender
Cordell,cwatkiss20@sitemeter.com,Male
Vale,vbonanno21@toplist.cz,Agender
Vannie,vlingfoot22@mashable.com,Non-binary
Udale,ueddicott23@mac.com,Male
Staffard,ssheryne24@webs.com,Bigender
Kale,kastlatt25@phpbb.com,Polygender
Shirlee,sstanlike26@ucla.edu,Non-binary
Magdaia,mmccawley27@auda.org.au,Genderfluid
Roxine,rdaviot28@ocn.ne.jp,Non-binary
Travis,ttomaini29@xinhuanet.com,Bigender
Auberta,ameale2a@woothemes.com,Female
Alidia,atollfree2b@soup.io,Non-binary
Jereme,jthal2c@wisc.edu,Agender
Lucina,lchawner2d@jigsy.com,Polygender
Adriena,akevlin2e@youtu.be,Genderqueer
Fabiano,fklimke2f@symantec.com,Non-binary
Nikoletta,nvernay2g@google.nl,Genderfluid
Linus,ldregan2h@unicef.org,Genderqueer
Shauna,sfeldmus2i@princeton.edu,Genderqueer
Oralla,obiggans2j@salon.com,Bigender
Fay,fsackes2k@harvard.edu,Non-binary
Sergio,strumper2l@guardian.co.uk,Agender
Jaclyn,jcolvin2m@php.net,Genderqueer
Stanley,slowne2n@reverbnation.com,Male
Gardner,gcarbery2o@imageshack.us,Male
Sabra,sgoldson2p@google.nl,Male
Ursula,uconsadine2q@mysql.com,Male
Daryl,dtarren2r@yellowpages.com,Male
Seline,suppett2s@zimbio.com,Genderfluid
Alla,amckelvey2t@4shared.com,Genderqueer
Tonye,tocahill2u@mit.edu,Polygender
Julie,jnolder2v@dyndns.org,Polygender
Adrienne,aroache2w@statcounter.com,Polygender
Philbert,pemney2x@oaic.gov.au,Polygender
Arly,amacenzy2y@github.io,Genderqueer
Leigh,ljosephs2z@de.vu,Non-binary
Ulric,ukaine30@unicef.org,Genderfluid
Dorella,dtoppin31@barnesandnoble.com,Agender
Verne,vbulfoy32@studiopress.com,Bigender
Harli,hfleay33@yellowpages.com,Female
Ike,imarshman34@amazon.co.jp,Bigender
Pansy,pmiere35@ning.com,Agender
Alisander,aguillot36@twitpic.com,Bigender
Herminia,hhustings37@illinois.edu,Genderqueer
Herc,hprettyjohns38@nature.com,Polygender
Jim,jhorwell39@scientificamerican.com,Agender
Raffaello,rcranfield3a@sakura.ne.jp,Male
Rutger,rledgard3b@cam.ac.uk,Genderqueer
Jourdan,jgotfrey3c@opera.com,Agender
Malva,mkusick3d@ovh.net,Bigender
Graeme,ghayzer3e@unblog.fr,Bigender
Morgan,mtupp3f@nationalgeographic.com,Female
Zenia,zverner3g@cnet.com,Genderfluid
Marinna,mgiacomozzo3h@ed.gov,Genderqueer
Byrle,beschelle3i@bing.com,Polygender
Finley,fhamlen3j@ed.gov,Agender
Tait,tsimione3k@instagram.com,Female
George,gfogg3l@digg.com,Bigender
Indira,ibourtoumieux3m@independent.co.uk,Genderqueer
Mord,mchadband3n@about.com,Non-binary
Zondra,zcuffin3o@ftc.gov,Bigender
Remy,rshoebotham3p@java.com,Agender
Aubrey,achinery3q@free.fr,Polygender
Davy,dclawe3r@arizona.edu,Genderfluid
Giulio,gpaal3s@patch.com,Agender
Tait,tpigdon3t@usatoday.com,Bigender
Brande,blehmann3u@discovery.com,Agender
Debbi,ddone3v@home.pl,Male
Maurice,mfritter3w@booking.com,Genderfluid
Orin,osturgis3x@mediafire.com,Non-binary
Auberon,aneathway3y@pbs.org,Bigender
Dillon,dkearford3z@nature.com,Agender
Harrietta,hmacmenamin40@elpais.com,Bigender
Carilyn,cheritege41@jalbum.net,Bigender
Moritz,mlayson42@ocn.ne.jp,Genderfluid
Giraud,glayus43@edublogs.org,Agender
Jonas,jtollemache44@reddit.com,Genderqueer
Ida,ikinningley45@soup.io,Polygender
Hank,hlavallie46@posterous.com,Male
Diane-marie,dschwandermann47@taobao.com,Bigender
Marla,mstuehmeier48@epa.gov,Female
Beck,bmoro49@fc2.com,Polygender
Valida,vlorkins4a@sbwire.com,Male
Ginny,gmatveiko4b@flavors.me,Female
Mordecai,mgolda4c@gravatar.com,Male
Merle,mjervis4d@walmart.com,Male
Betsey,bfarquharson4e@answers.com,Genderqueer
Yolande,yreasun4f@imgur.com,Bigender
Cami,csidwell4g@blogtalkradio.com,Genderqueer
Linea,ldubble4h@comcast.net,Female
Nessie,ndumbare4i@multiply.com,Male
Alisander,agreenham4j@ucoz.com,Genderqueer
Gaylor,goborne4k@hao123.com,Polygender
Keenan,kguyver4l@nih.gov,Non-binary
Abby,abowerbank4m@youku.com,Bigender
Nance,nfernihough4n@sohu.com,Genderqueer
Mahmoud,mluca4o@altervista.org,Agender
Myrle,mdoblin4p@t.co,Non-binary
Drugi,dclendennen4q@woothemes.com,Polygender
Peder,pspringell4r@japanpost.jp,Polygender
Sophey,spenburton4s@constantcontact.com,Agender
Natalina,nhandyside4t@goo.ne.jp,Male
Griz,geschalotte4u@timesonline.co.uk,Polygender
Armstrong,arawlence4v@sitemeter.com,Bigender
Archaimbaud,amckeller4w@dedecms.com,Agender
Natalie,nsliney4x@hatena.ne.jp,Genderfluid
Gloriana,gbelitz4y@washington.edu,Female
Allx,agately4z@weibo.com,Agender
Barnaby,btallquist50@engadget.com,Non-binary
Chlo,ctreske51@taobao.com,Bigender
Byrom,bkidstoun52@google.com.hk,Genderfluid
Tamas,tgeeraert53@arstechnica.com,Female
Erica,ehutchings54@cocolog-nifty.com,Bigender
Shaun,sbraunston55@theguardian.com,Non-binary
Noble,nkopelman56@linkedin.com,Male
Joela,jtoffanini57@tiny.cc,Agender
Tomasina,tbohea58@mtv.com,Genderqueer
Allayne,abrandsma59@hc360.com,Female
Ginnifer,goven5a@intel.com,Non-binary
Maybelle,mmaffia5b@msn.com,Male
Kerstin,keck5c@wikimedia.org,Female
Ringo,rjust5d@mail.ru,Genderfluid
Sal,slippitt5e@mapquest.com,Bigender
Dalli,dkubelka5f@illinois.edu,Polygender
Amalee,atombleson5g@youtube.com,Bigender
Lee,lcraigs5h@wordpress.com,Male
Joana,jdeverehunt5i@google.co.jp,Genderqueer
Norina,nlatour5j@example.com,Genderfluid
Grady,gallum5k@seesaa.net,Genderqueer
Jillane,jtillman5l@yale.edu,Polygender
Kelley,kewbach5m@imgur.com,Genderqueer
Lyn,lbraznell5n@who.int,Non-binary
Felecia,fhuitson5o@diigo.com,Non-binary
Reggie,rkosel5p@dion.ne.jp,Non-binary
Ware,wcrosfeld5q@1688.com,Genderqueer
Gerik,gsalthouse5r@mapquest.com,Polygender
Damien,ddenekamp5s@latimes.com,Genderfluid
Paulita,pohanvey5t@bluehost.com,Agender
Mercy,mgoward5u@sciencedaily.com,Non-binary
Yovonnda,ynicklen5v@chronoengine.com,Polygender
Inez,iharmon5w@nydailynews.com,Agender
Velma,vfagg5x@ca.gov,Non-binary
Lanae,lczaple5y@salon.com,Polygender
Tallulah,trussen5z@patch.com,Male
Carmencita,ccolbert60@posterous.com,Non-binary
Marta,mniset61@rakuten.co.jp,Genderfluid
Pall,pmonkton62@yale.edu,Genderqueer
Klemens,kblucher63@cnbc.com,Agender
Concordia,cmaclaine64@slashdot.org,Bigender
Kristoffer,komailey65@printfriendly.com,Genderfluid
Sandie,sfalls66@reuters.com,Genderqueer
Zulema,znoice67@topsy.com,Bigender
Giselbert,glindenbluth68@goodreads.com,Agender
Merilee,mcarpenter69@gmpg.org,Non-binary
Cary,cmiller6a@nymag.com,Genderfluid
Janot,jfedynski6b@ebay.com,Genderfluid
Terry,tbraganca6c@eventbrite.com,Genderqueer
Gizela,gdelatour6d@issuu.com,Genderfluid
Hewett,hsommerton6e@un.org,Non-binary
Broddie,bkindred6f@eventbrite.com,Female
Ganny,gguerre6g@people.com.cn,Male
Emlynne,elippatt6h@mit.edu,Non-binary
Rebecka,rarmsden6i@jiathis.com,Agender
Gabie,ghay6j@howstuffworks.com,Non-binary
Carroll,csearchwell6k@com.com,Bigender
Kippar,kdennert6l@dion.ne.jp,Genderqueer
Arlette,awhybrow6m@etsy.com,Agender
Roland,rtorrans6n@istockphoto.com,Genderqueer
Murvyn,mstandley6o@sfgate.com,Polygender
Berny,brapson6p@mashable.com,Agender
Arri,atasseler6q@webs.com,Bigender
Janine,jcoggings6r@hc360.com,Bigender
Petr,pdaniau6s@oracle.com,Genderfluid
Verge,vbeddows6t@answers.com,Non-binary
Vladamir,vcalterone6u@omniture.com,Male
Killy,kherley6v@ovh.net,Genderfluid
Willi,wcourteney6w@bandcamp.com,Female
Allard,aizkovicz6x@abc.net.au,Agender
Jobina,jleakner6y@mac.com,Male
Scot,sosgodby6z@nasa.gov,Agender
Fraser,fdorsett70@dmoz.org,Male
Letta,lmayne71@quantcast.com,Female
Derril,dkenforth72@geocities.com,Non-binary
Clara,cscown73@mediafire.com,Non-binary
Travus,tdillintone74@elpais.com,Genderqueer
Peg,pmountstephen75@hp.com,Genderfluid
Conrad,canton76@si.edu,Non-binary
Amie,asurmanwells77@google.co.uk,Bigender
Nealy,nbeggs78@thetimes.co.uk,Polygender
Marcus,mbrudenell79@ucoz.com,Female
Templeton,tpeartree7a@digg.com,Female
Ezechiel,econnal7b@businesswire.com,Agender
Patrizius,pphilo7c@blogs.com,Polygender
Ernst,ekarlolak7d@godaddy.com,Polygender
Tad,tvenditto7e@rakuten.co.jp,Agender
Phylys,pcroser7f@fema.gov,Bigender
Charisse,ctorbeck7g@a8.net,Polygender
Joyce,jkettlewell7h@alibaba.com,Genderqueer
Constantine,challaways7i@bravesites.com,Genderfluid
Noelani,nanfonsi7j@who.int,Female
Cos,cfoulkes7k@instagram.com,Agender
Salvidor,ssteward7l@google.fr,Agender
Fredek,fbridgwood7m@bloglines.com,Agender
Hubert,hperche7n@xrea.com,Polygender
Julee,jdavid7o@wufoo.com,Male
Mandi,mpetrenko7p@prlog.org,Agender
Bab,bsanton7q@cnn.com,Male
Glenna,gwigfield7r@multiply.com,Agender
Cissiee,cstigell7s@cmu.edu,Non-binary
Erny,ecrouch7t@home.pl,Genderfluid
Addi,aproven7u@bizjournals.com,Polygender
Terri-jo,tireland7v@newyorker.com,Male
Thorpe,tgledstane7w@webnode.com,Genderqueer
Merci,mclatworthy7x@dailymotion.com,Male
Tomlin,tcazereau7y@wiley.com,Genderqueer
Edna,eosmar7z@discovery.com,Polygender
Ladonna,lricker80@discuz.net,Bigender
Shadow,sbremond81@japanpost.jp,Bigender
Wilmer,wscoyles82@wikispaces.com,Agender
Fabien,fblazic83@marriott.com,Polygender
Kennith,kpeatman84@wired.com,Bigender
Doria,dpointon85@linkedin.com,Bigender
Nolie,nmizzi86@bizjournals.com,Agender
Margie,msephton87@marketwatch.com,Agender
Sondra,smacnish88@behance.net,Agender
Lynde,lnation89@wiley.com,Genderqueer
Ranique,rmichieli8a@bloglovin.com,Polygender
Oriana,olanghorne8b@goo.gl,Female
Theodore,tblackie8c@wunderground.com,Male
Terrill,tyoselevitch8d@mapquest.com,Polygender
Colly,cyouens8e@mashable.com,Bigender
Nikos,nangelo8f@fotki.com,Polygender
Tine,teasson8g@oakley.com,Genderqueer
Zola,zmatokhnin8h@cbsnews.com,Female
Had,hoakly8i@cnet.com,Genderfluid
Cullin,cbrayne8j@yellowpages.com,Genderfluid
Billy,bdavidov8k@sakura.ne.jp,Male
Ardisj,amcalroy8l@smugmug.com,Genderqueer
Carlin,cgaisford8m@unicef.org,Polygender
Jeremie,jmoodycliffe8n@nydailynews.com,Agender
Shirlene,swithers8o@oakley.com,Genderfluid
Priscilla,pambrus8p@mail.ru,Genderfluid
Dallon,dfawdery8q@reverbnation.com,Female
Grantham,gjovovic8r@gizmodo.com,Bigender
Briano,bheynel8s@nsw.gov.au,Genderqueer
Harman,hswift8t@dedecms.com,Male
Brietta,bslate8u@usnews.com,Female
Ludwig,lgetsham8v@google.nl,Agender
Archibold,agouck8w@macromedia.com,Bigender
Trip,tlukock8x@netscape.com,Male
Alane,adelaci8y@parallels.com,Male
Melody,mpeniman8z@networksolutions.com,Genderfluid
Rodd,rwillgoose90@linkedin.com,Male
Shawn,sgilhouley91@bbc.co.uk,Bigender
Tallia,tadolfsen92@vimeo.com,Polygender
Arabelle,apealing93@bandcamp.com,Agender
Corri,cblessed94@hhs.gov,Male
Leupold,lstocks95@rediff.com,Agender
Vivyan,vmein96@cmu.edu,Polygender
Kathye,kdoornbos97@pcworld.com,Female
Agnesse,adunckley98@flavors.me,Female
Ora,omarshal99@huffingtonpost.com,Genderfluid
Kamillah,kcunah9a@walmart.com,Genderfluid
Myrilla,mdrewe9b@state.tx.us,Agender
Teresita,tholtham9c@fda.gov,Female
Gae,gerrol9d@narod.ru,Non-binary
Nolly,npeplow9e@tiny.cc,Polygender
Jodi,jpetersen9f@google.de,Genderqueer
Wally,wglison9g@csmonitor.com,Genderqueer
Ira,ivaadeland9h@comcast.net,Agender
Dillon,dhairyes9i@mysql.com,Male
Maryanne,mabrehart9j@behance.net,Non-binary
Merl,mhenriet9k@nifty.com,Male
Danna,dmcgarrity9l@multiply.com,Female
Zacharia,zantecki9m@reddit.com,Agender
Aaren,abum9n@dmoz.org,Polygender
Rab,rbeard9o@infoseek.co.jp,Agender
Ava,akubu9p@newyorker.com,Bigender
Kara-lynn,kpinkard9q@stumbleupon.com,Agender
Clarey,cmerner9r@meetup.com,Agender
Sax,sbattersby9s@foxnews.com,Bigender
Dilly,dthomsen9t@prweb.com,Genderqueer
Berthe,bfragino9u@360.cn,Bigender
Rabbi,rtreherne9v@deliciousdays.com,Non-binary
Cecilio,cwaltering9w@1und1.de,Genderfluid
Chan,cforseith9x@ox.ac.uk,Female
Duffy,dprevost9y@photobucket.com,Genderfluid
Ellswerth,elongmaid9z@plala.or.jp,Bigender
Gavra,gjunkina0@is.gd,Male
Philly,pkynocha1@hibu.com,Genderqueer
Gae,gsimonittoa2@de.vu,Polygender
Clarine,clewteya3@twitter.com,Non-binary
Cornela,clesleya4@guardian.co.uk,Polygender
Justinian,jossennaa5@wikispaces.com,Male
Jeniece,jblunsdena6@drupal.org,Genderqueer
Grazia,ggleavea7@comsenz.com,Female
Lorrin,lwandreya8@icq.com,Bigender
Calv,cgawena9@ft.com,Genderfluid
Emlen,eclemenzaaa@techcrunch.com,Genderfluid
Leland,ljiraab@sfgate.com,Genderqueer
Gay,ghilliamac@blinklist.com,Polygender
Linda,lmunganad@hhs.gov,Genderfluid
Ivory,isyderae@hibu.com,Bigender
Susana,sfinnesaf@pcworld.com,Polygender
Teodoor,tharkag@blogger.com,Polygender
Alis,asimkoah@amazon.com,Bigender
Marybeth,mchomickiai@blogtalkradio.com,Non-binary
Bobby,blukeschaj@xing.com,Genderfluid
Dominique,dalderak@hubpages.com,Bigender
Lara,lmacvicaral@parallels.com,Male
Marcie,mrushbyam@biblegateway.com,Genderfluid
Llywellyn,lbodlean@smugmug.com,Female
Barton,btieao@vkontakte.ru,Male
Lannie,lmaudlingap@google.nl,Agender
Ezechiel,ehampeaq@jimdo.com,Non-binary
Penny,pcattenachar@aboutads.info,Genderqueer
Salvatore,snencias@bbb.org,Genderqueer
Marleah,mdanilchenkoat@geocities.jp,Agender
Alexandra,abasnallau@bloomberg.com,Female
Darren,dyanneav@chron.com,Genderqueer
Curran,cmauvinaw@alexa.com,Genderfluid
Rossie,rlapleyax@mlb.com,Female
Flinn,fwatmoughay@twitpic.com,Bigender
Claudelle,cbendallaz@gnu.org,Non-binary
Gretchen,gimlinb0@fema.gov,Polygender
Maurise,msealeyb1@weather.com,Genderfluid
Thorn,tshirtcliffeb2@scribd.com,Polygender
Brigit,blandisb3@shareasale.com,Polygender
Allan,awicksteadb4@biglobe.ne.jp,Female
Kendra,ktingcombb5@reuters.com,Polygender
Stanton,sgilstinb6@yahoo.com,Genderqueer
Nestor,nseinb7@canalblog.com,Agender
Anni,abrislaneb8@slashdot.org,Polygender
Tobe,tblazebyb9@home.pl,Genderfluid
Cherlyn,clewerenzba@webmd.com,Bigender
Burr,bwheatonbb@berkeley.edu,Male
Norrie,nlebarrbc@businesswire.com,Non-binary
Lem,lpugsleybd@sohu.com,Genderqueer
Mose,mroizbe@prweb.com,Non-binary
Gloriana,gimessonbf@google.ca,Polygender
Charita,cfowlsbg@mysql.com,Agender
Rosalie,rmcivorbh@ebay.com,Agender
Cammie,cthursbybi@dot.gov,Polygender
Brad,blahrsbj@sogou.com,Agender
Forest,fnaveinbk@senate.gov,Genderqueer
Munmro,mfogdenbl@engadget.com,Polygender
Stu,sskehanbm@arizona.edu,Non-binary
Astra,aklimochkinbn@xinhuanet.com,Genderfluid
Nerita,nfidelebo@livejournal.com,Female
Oneida,oolenovbp@i2i.jp,Male
Kory,krawkesbybq@bloglines.com,Non-binary
Adah,aperilliobr@yahoo.com,Genderfluid
Tracey,tfrickebs@google.com.au,Genderfluid
Beckie,batyeobt@utexas.edu,Bigender
Pincas,pgonthardbu@marketwatch.com,Polygender
Myrlene,mgunnbv@addtoany.com,Genderfluid
Burk,braspinbw@cyberchimps.com,Non-binary
Kathi,kcervantesbx@360.cn,Polygender
Lindsay,lcrosseby@youtube.com,Non-binary
Merry,masmusbz@google.cn,Male
Rennie,rmullinsc0@va.gov,Bigender
Raven,rhelsbyc1@bigcartel.com,Female
Hank,hpycockc2@shutterfly.com,Male
Opalina,omullesc3@twitter.com,Agender
Gaby,gautenc4@webeden.co.uk,Polygender
Ursulina,ugelsthorpec5@discuz.net,Polygender
Eli,epaulac6@gov.uk,Polygender
Grata,gmacdearmontc7@ted.com,Agender
Juline,jbickertonc8@ox.ac.uk,Genderfluid
Leanor,lkenerc9@nymag.com,Male
Marcellina,mandreevca@thetimes.co.uk,Bigender
Reynold,rfishbournecb@miibeian.gov.cn,Female
Fifine,fgarlingecc@technorati.com,Genderqueer
Kendra,kkahlercd@biglobe.ne.jp,Agender
Rosina,rarnholdtce@ustream.tv,Non-binary
Aguie,abeedlecf@howstuffworks.com,Genderqueer
Ashton,abehninckcg@networksolutions.com,Male
Dyanna,dhedgeleych@purevolume.com,Agender
Nelia,naffleckci@telegraph.co.uk,Female
Abdel,alittletoncj@ihg.com,Genderfluid
Hortense,hstockowck@disqus.com,Agender
Lorelle,lcursonscl@shareasale.com,Female
Cyrille,cdowthwaitecm@google.ca,Genderqueer
Vaclav,vthodycn@engadget.com,Male
Kimberly,kbishco@youtu.be,Non-binary
Orelia,odraytoncp@prlog.org,Polygender
Cindra,cnorvellcq@seattletimes.com,Male
Malia,mkeyworthcr@soundcloud.com,Genderfluid
Tamarah,tlaugherancs@rakuten.co.jp,Male
Lou,lbevanct@xing.com,Genderfluid
Saundra,sgowardcu@ovh.net,Genderqueer
Shelia,sstonemancv@ted.com,Agender
Jeremiah,jferenccw@comsenz.com,Polygender
Karl,krosenstielcx@ebay.com,Genderfluid
Norma,nflethamcy@printfriendly.com,Bigender
Hasheem,hfoxcroftcz@php.net,Polygender
Darrelle,dmeneghid0@bluehost.com,Genderfluid
Sapphira,swoodberryd1@dedecms.com,Female
Millie,mshelleyd2@google.cn,Agender
Elnar,ehuntingtond3@skype.com,Genderqueer
Dierdre,dmoninid4@last.fm,Female
Selle,sbrandinod5@usda.gov,Genderqueer
Pansie,pcohanid6@uol.com.br,Male
Bella,bcuncarrd7@weibo.com,Genderfluid
Ania,adrummondd8@cdc.gov,Male
Cristal,cwaldingd9@comcast.net,Genderqueer
Gerti,ggossanda@skype.com,Polygender
Vidovik,vgraemedb@dagondesign.com,Non-binary
Tracie,tclearydc@google.es,Female
Johannah,jmegarrydd@behance.net,Agender
Sanford,sdurrandde@technorati.com,Non-binary
Suzy,sgherardellidf@cargocollective.com,Polygender
Joel,jwoodarddg@shutterfly.com,Male
Franni,fgahagandh@nba.com,Bigender
Gardiner,gocorrindi@nba.com,Bigender
Abraham,amcgeowndj@storify.com,Bigender
Nikos,noloughnandk@fotki.com,Genderfluid
Sayers,stinerdl@vimeo.com,Bigender
Olag,opleasantsdm@unicef.org,Agender
Elissa,edulydn@merriam-webster.com,Female
Leroi,lwestoverdo@hp.com,Bigender
Leodora,ldaultondp@comsenz.com,Female
Menard,mscamblerdq@washington.edu,Bigender
Dannie,dsedgefielddr@vk.com,Agender
Randee,rnicklends@vistaprint.com,Genderqueer
Malachi,mpughdt@hc360.com,Genderqueer
Cassaundra,cbarrassdu@irs.gov,Female
Colet,clinningdv@trellian.com,Genderqueer
Carlina,cgreevedw@imdb.com,Male
Ali,apietzdx@bbc.co.uk,Female
Aliza,agaskalldy@timesonline.co.uk,Agender
Danette,dsollydz@ucoz.ru,Female
Sammy,scrackette0@vk.com,Male
Prudi,pjosefsohne1@theguardian.com,Agender
Pate,prodrigueze2@wsj.com,Genderfluid
Francis,fbleslie3@utexas.edu,Genderqueer
Silvester,sgeorgeone4@epa.gov,Polygender
Annie,afilchakove5@wordpress.org,Bigender
Kit,kshorthille6@newsvine.com,Bigender
Caroline,cofihilliee7@artisteer.com,Male
Buiron,bhadgrafte8@wunderground.com,Genderqueer
Rochelle,rmatusheviche9@e-recht24.de,Genderfluid
Auberta,arunnallsea@blogspot.com,Genderfluid
Malia,mforsardeb@tripod.com,Agender
Athene,agodleyec@opensource.org,Genderqueer
Osgood,odowzelled@europa.eu,Male
Isacco,irookesbyee@wp.com,Genderqueer
Jackie,jdoneldef@slate.com,Genderqueer
Cornie,cdunyeg@example.com,Genderfluid
Zahara,zhayeeh@blogtalkradio.com,Female
Florenza,fbudnkei@goodreads.com,Genderqueer
Bernhard,bdowningej@cloudflare.com,Female
Tiffanie,tpairemanek@ibm.com,Female
Symon,squinceeel@cbsnews.com,Non-binary
Piggy,piacovielloem@pinterest.com,Genderqueer
Debby,dsmeeen@cbslocal.com,Genderfluid
Fan,fsmeeeo@whitehouse.gov,Female
Omero,oduddenep@dailymail.co.uk,Male
Ber,bsafelleq@edublogs.org,Female
Yves,yblockeyer@webnode.com,Female
Madeleine,mguthriees@taobao.com,Agender
Michaelina,mcossumet@t-online.de,Agender
Orin,oenevoldseneu@blogger.com,Genderfluid
Frasquito,fsymperev@ed.gov,Bigender
Patrice,pdelisleew@cafepress.com,Non-binary
Ruthie,rlinbohmex@desdev.cn,Genderfluid
Fernando,fmatheliney@yahoo.co.jp,Female
Tiffany,tlauritzenez@fastcompany.com,Agender
Idalia,iallwardf0@feedburner.com,Genderfluid
Robinetta,roganf1@squarespace.com,Genderfluid
Georgeanna,gfetherstonf2@soundcloud.com,Genderfluid
Rina,rlibrerosf3@amazon.co.uk,Agender
Maisey,malastairf4@ehow.com,Genderqueer
Daven,djentonf5@jimdo.com,Female
Odelinda,olanghorf6@dailymail.co.uk,Bigender
Lela,lmattockf7@aboutads.info,Genderfluid
Bel,bcaigf8@sitemeter.com,Polygender
Wilbert,wbruinsmaf9@cocolog-nifty.com,Genderfluid
Aron,adeekesfa@123-reg.co.uk,Genderfluid
Rosaline,rfidgefb@skyrock.com,Non-binary
Shandeigh,stanmanfc@craigslist.org,Bigender
Gerhard,gbromilowfd@noaa.gov,Non-binary
Charil,cclimerfe@google.co.uk,Polygender
Vince,vconnechyff@slideshare.net,Polygender
Teresita,tizatsonfg@hatena.ne.jp,Agender
Jackie,jenevoldsenfh@prnewswire.com,Agender
Ulla,ubrennansfi@last.fm,Bigender
Ardene,abattmanfj@com.com,Bigender
Valentijn,vabrahamofffk@feedburner.com,Bigender
Gino,ghoneywoodfl@mozilla.org,Female
Lynett,lferrinifm@kickstarter.com,Female
Gregor,gorrockfn@slideshare.net,Female
Peg,pharefootfo@eventbrite.com,Genderqueer
Cyrillus,cedgcombefp@w3.org,Male
Marcelia,mklaisfq@utexas.edu,Non-binary
Esta,eduranfr@ocn.ne.jp,Non-binary
Wally,wwhitleyfs@gov.uk,Non-binary
Nerissa,nhingft@dot.gov,Bigender
Cathy,cgounodfu@ovh.net,Polygender
Paulo,pspringallfv@weebly.com,Female
Lacee,llowlesfw@reverbnation.com,Bigender
Cynthea,curienfx@smugmug.com,Polygender
Freddie,fjestefy@springer.com,Genderqueer
Nalani,ngaskalfz@nhs.uk,Agender
Willdon,wlinehamg0@fastcompany.com,Agender
Christyna,cstuffinsg1@nydailynews.com,Agender
Gerardo,gpharrowg2@webmd.com,Genderfluid
Jamal,jmorrattg3@trellian.com,Genderqueer
Emmery,ehotchking4@typepad.com,Polygender
Mignonne,mkeymerg5@jiathis.com,Female
Tammy,thaslockeg6@independent.co.uk,Male
La verne,lmacavaddyg7@shinystat.com,Non-binary
Leesa,lhenrysg8@upenn.edu,Polygender
Tillie,tbeadnellg9@cbsnews.com,Female
See,ssloanga@free.fr,Genderqueer
Michele,mofficergb@mayoclinic.com,Genderfluid
Mannie,mhawkinggc@google.pl,Non-binary
Maurene,msummerrellgd@issuu.com,Genderfluid
Barbaraanne,bespinozage@paginegialle.it,Polygender
Gilles,gwillesgf@quantcast.com,Bigender
Fanya,fdomotorgg@auda.org.au,Polygender
Babette,bbarszczewskigh@usda.gov,Genderqueer
Shayla,sbrunnsteingi@g.co,Genderqueer
Candra,ctayspellgj@ow.ly,Male
Leon,leadongk@netscape.com,Female
Jorrie,jbenkhegl@google.de,Female
Dani,dchrishopgm@sphinn.com,Polygender
Sianna,sfrohockgn@lulu.com,Non-binary
Natalina,ntorpiego@wiley.com,Male
Margy,mchanceliergp@businessinsider.com,Bigender
Franny,fyongq@sitemeter.com,Genderqueer
Ursala,ujosefergr@msn.com,Agender
Kaja,kiacovuccigs@barnesandnoble.com,Agender
Edmund,ecardinalgt@ameblo.jp,Bigender
Randi,rturbatgu@elegantthemes.com,Female
Nels,nhendriksegv@mapy.cz,Male
Sherie,shuittgw@accuweather.com,Genderfluid
Sydney,sjakoviljevicgx@google.fr,Genderfluid
Si,skerreygy@livejournal.com,Male
Margit,mbroadberegz@nature.com,Male
Clement,cgansbuhlerh0@livejournal.com,Genderfluid
Lemar,lparkynh1@google.com.hk,Female
Karia,klyttonh2@state.gov,Bigender
Jennee,jworsfieldh3@pbs.org,Non-binary
Brandice,bwisamh4@networkadvertising.org,Genderqueer
Jarret,jboichath5@ucoz.ru,Genderfluid
Edouard,efickh6@trellian.com,Genderqueer
Rycca,rlorench7@sohu.com,Male
Tull,tbrachh8@nbcnews.com,Polygender
Muffin,mpachmannh9@bandcamp.com,Polygender
Karia,kcamockha@gnu.org,Polygender
Connie,cjankohb@va.gov,Male
Jade,jlindenbluthhc@bravesites.com,Genderfluid
Morry,mlambdonhd@elpais.com,Non-binary
Mervin,mcolebournehe@flickr.com,Male
Jefferey,jsunnexhf@moonfruit.com,Male
Sarina,spethrickhg@census.gov,Genderfluid
Marillin,mfarmeryhh@nsw.gov.au,Polygender
Wilfrid,wconichiehi@hatena.ne.jp,Female
Hayden,hkemishhj@washington.edu,Male
Adina,achermhk@123-reg.co.uk,Bigender
Eloise,evannucciniihl@diigo.com,Female
Rubin,rizzetthm@de.vu,Genderqueer
Jesselyn,jbortolhn@abc.net.au,Genderqueer
Sibilla,schalcotho@liveinternet.ru,Non-binary
Giulietta,gmenaryhp@va.gov,Non-binary
Marlene,mcanerohq@squidoo.com,Bigender
Valentine,vpercifullhr@xing.com,Male
Davina,dmarchamhs@wix.com,Polygender
Mendie,mdoullht@icq.com,Polygender
Pooh,pcoulthu@engadget.com,Genderqueer
Allianora,aoloughanehv@so-net.ne.jp,Genderqueer
Korrie,khobellhw@pagesperso-orange.fr,Female
Lainey,lkrammerhx@elegantthemes.com,Agender
Barty,bpearsonhy@examiner.com,Female
Cassi,cdeavillehz@acquirethisname.com,Female
Boy,bslipperi0@nba.com,Agender
Arlene,adebellisi1@stanford.edu,Male
Warren,wdeluciai2@topsy.com,Bigender
Jackson,jgethyni3@mit.edu,Bigender
Lennie,lbasshami4@cyberchimps.com,Polygender
Aidan,avogelleri5@nymag.com,Genderfluid
Granthem,gpietericki6@goo.gl,Agender
Baudoin,bdenysi7@reverbnation.com,Genderqueer
Fanni,fcamblini8@sakura.ne.jp,Genderfluid
Candi,cespadasi9@elpais.com,Agender
Cindie,ckuzmaia@1und1.de,Male
Ramona,rtrusteyib@livejournal.com,Agender
Floris,fagglioneic@umn.edu,Bigender
Llewellyn,lcastletineid@vkontakte.ru,Bigender
Carrol,cpadrickie@uol.com.br,Genderfluid
Rhona,rgoodbairnif@angelfire.com,Agender
Curran,ctellwrightig@mediafire.com,Non-binary
Wilone,wwebenih@illinois.edu,Agender
Marten,mtemlettii@nifty.com,Genderqueer
Alyse,abarmadierij@exblog.jp,Polygender
Ed,epriddingik@nydailynews.com,Genderfluid
Carny,ckendallil@geocities.com,Male
Guillemette,gmcmackinim@jigsy.com,Female
Dirk,dmiskinin@bigcartel.com,Male
Isak,igiraudyio@wikimedia.org,Polygender
Margit,mwilceip@ucla.edu,Agender
Danella,dmacgowingiq@amazon.de,Bigender
Adina,ageorgiir@alexa.com,Non-binary
Ingemar,itrouelis@google.co.jp,Male
Enriqueta,eyesichevit@state.gov,Bigender
Alf,acathenodiu@wix.com,Bigender
Cello,callibaniv@qq.com,Bigender
Rica,rcurtisiw@comcast.net,Polygender
Ron,rhenrieix@washingtonpost.com,Agender
Giustino,gslimmoniy@stanford.edu,Male
Astrid,amellhuishiz@umich.edu,Male
Aloin,awoolfj0@pen.io,Non-binary
Lydia,lalmeyj1@seattletimes.com,Polygender
Evita,ehoulworthj2@liveinternet.ru,Bigender
Lethia,lescrittj3@salon.com,Female
Alta,apelmanj4@foxnews.com,Non-binary
Franni,fmckunej5@kickstarter.com,Polygender
Clerc,cpavlovicj6@utexas.edu,Female
Burke,bnastj7@reverbnation.com,Bigender
Fowler,ffussiej8@alexa.com,Male
Philipa,pharcej9@deliciousdays.com,Male
Husain,hraggja@phoca.cz,Genderqueer
Leigh,lbarfordjb@usa.gov,Genderfluid
Rosamond,robernjc@yolasite.com,Male
Wendi,wupstelljd@booking.com,Bigender
Riobard,rarzuje@booking.com,Female
Rabbi,rkuzemkajf@home.pl,Female
Waly,walcottjg@imgur.com,Male
Mauricio,mserfatijh@symantec.com,Polygender
Grange,gcappji@bbb.org,Genderqueer
Lissa,lninehamjj@rakuten.co.jp,Polygender
Papagena,pzannotellijk@google.nl,Female
Killie,kkrammerjl@twitpic.com,Male
Berty,bmaryjm@google.ca,Male
Samuele,sjakobssenjn@unblog.fr,Female
Jedediah,jmerrywetherjo@yahoo.com,Polygender
Nessie,nwagerfieldjp@liveinternet.ru,Polygender
Madeline,mnardonijq@dailymotion.com,Genderqueer
Johnette,jmarttjr@ehow.com,Agender
Julita,jgerriejs@clickbank.net,Genderfluid
Pattie,plidbetterjt@google.com.au,Genderqueer
Micheal,mdurbannju@pcworld.com,Polygender
Carly,cstrathearnjv@techcrunch.com,Female
Eric,eflellojw@livejournal.com,Agender
Kain,kcoldwelljx@si.edu,Genderfluid
Ricki,rpennigarjy@alexa.com,Genderqueer
Abba,awordingtonjz@bloomberg.com,Genderfluid
Benjamin,bcarmenk0@yellowpages.com,Male
Lynnet,lmatelyunask1@godaddy.com,Genderqueer
Gay,gantonomolik2@com.com,Female
Laurice,lvanink3@wufoo.com,Agender
Laurent,lwoolwardk4@1und1.de,Male
Linnet,lbrunnerk5@msu.edu,Polygender
Alard,ablecklyk6@over-blog.com,Agender
Agretha,arettiek7@walmart.com,Male
Jehanna,jfersonk8@wisc.edu,Genderqueer
Martyn,mklasenk9@columbia.edu,Male
Bree,brenyardka@istockphoto.com,Genderqueer
Warde,wqualtroughkb@desdev.cn,Bigender
Halsey,hvallenderkc@bing.com,Genderfluid
Mylo,msandyfirthkd@adobe.com,Polygender
Benedetta,barondelke@usa.gov,Bigender
Lorry,lohagankf@umich.edu,Male
Denys,dudiekg@dot.gov,Bigender
Ainslie,akeaysellkh@dailymail.co.uk,Agender
Colene,cedkinski@pinterest.com,Genderqueer
Mirella,mmckeighankj@mapy.cz,Genderfluid
Lucine,lhurtickk@unesco.org,Genderfluid
Margarethe,mstobbartkl@de.vu,Non-binary
Abie,agregolinkm@amazon.co.uk,Genderqueer
Ludovico,lcoklykn@unblog.fr,Male
Koral,kbruffellko@engadget.com,Male
Kimmie,kankerskp@dmoz.org,Genderfluid
Ethelred,eattreedkq@businessweek.com,Non-binary
Arvie,aguinnanekr@privacy.gov.au,Genderqueer
Kearney,khussetks@odnoklassniki.ru,Male
Aube,abrealeykt@senate.gov,Male
Jamil,jtomanekku@sohu.com,Bigender
Gaylor,gcreasykv@si.edu,Polygender
Caryn,cbollardkw@alexa.com,Bigender
Robbyn,rsharplinkx@illinois.edu,Agender
Nicol,nmallaboneky@indiegogo.com,Genderfluid
Norman,ncornockkz@elegantthemes.com,Female
Cad,cbingleyl0@photobucket.com,Female
Laetitia,loslerl1@nbcnews.com,Genderqueer
Moshe,mjaumel2@wordpress.org,Female
Eveleen,ecleugherl3@salon.com,Agender
Duncan,deisikowitchl4@wp.com,Non-binary
Benny,bgoldenofirelandl5@jugem.jp,Non-binary
Hally,hbeidebekel6@boston.com,Agender
Chrysa,cavramovicl7@over-blog.com,Genderqueer
Wynn,wnapoleonl8@toplist.cz,Genderqueer
Garrett,gleonardel9@chronoengine.com,Male
Twila,tsoaresla@europa.eu,Male
Cymbre,cskilllb@1und1.de,Bigender
Danika,dmenchentonlc@addthis.com,Genderqueer
Jeff,jfeldsternld@senate.gov,Bigender
Gonzales,gprobartle@wisc.edu,Polygender
Jameson,jfarbrotherlf@walmart.com,Male
Reg,rgricelg@people.com.cn,Polygender
Rodina,rpoytheraslh@wordpress.com,Non-binary
Olympie,ofeighryli@themeforest.net,Male
Eldredge,emoseslj@abc.net.au,Female
Rikki,rpollenlk@123-reg.co.uk,Male
Allyson,arougell@guardian.co.uk,Agender
Hazel,hbachuralm@twitpic.com,Genderqueer
Bekki,bphiloln@opensource.org,Non-binary
Alain,aquaylelo@tmall.com,Genderfluid
Kassi,koscullylp@prnewswire.com,Genderfluid
Jeddy,jolivilq@arstechnica.com,Genderqueer
Ring,rgreensittlr@is.gd,Polygender
Erminie,elyverls@ebay.co.uk,Female
Mel,mdelatourlt@comsenz.com,Male
Goldie,gyarntonlu@ucoz.com,Genderfluid
Fan,fpitthamlv@addthis.com,Non-binary
Adan,ahaynelw@rakuten.co.jp,Non-binary
Brew,bdanihelkalx@hatena.ne.jp,Female
Elvyn,eczaplely@tinyurl.com,Genderqueer
Verla,vinglestonlz@addtoany.com,Polygender
Martin,mgrovesm0@tripod.com,Polygender
Baldwin,bpinchesm1@squidoo.com,Bigender
Wolfgang,wdommersenm2@wikia.com,Genderfluid
Uta,uardernm3@rakuten.co.jp,Bigender
Abagael,anurdenm4@deviantart.com,Female
Hunter,hream5@blogspot.com,Genderfluid
Abbie,aoldenm6@1688.com,Polygender
Travus,tkleinzweigm7@ucoz.ru,Non-binary
Loy,lsaxbym8@redcross.org,Non-binary
Martie,mballintimem9@who.int,Polygender
Zacharias,zbrianma@booking.com,Female
Misha,mmelpussmb@joomla.org,Non-binary
Ricky,rbroughtonmc@geocities.jp,Bigender
Jimmie,jdiamentmd@cloudflare.com,Agender
Timothy,tbusselme@patch.com,Agender
Harman,hwandrichmf@nationalgeographic.com,Male
George,gmcilhargamg@yellowbook.com,Male
Doloritas,dwiddowsonmh@histats.com,Female
Gaultiero,ggoodinsonmi@samsung.com,Non-binary
Reinald,rcorriemj@bbc.co.uk,Agender
Port,prumneymk@yahoo.co.jp,Non-binary
Eolanda,ebyresml@unc.edu,Genderfluid
Rozanne,rlewintonmm@ucsd.edu,Male
Tailor,tkeffordmn@mapquest.com,Non-binary
Fran,fgotecliffemo@tmall.com,Non-binary
Marillin,mkittlemp@wired.com,Male
Cullen,cruoffmq@yahoo.co.jp,Non-binary
Thorsten,tmcpakemr@360.cn,Female
Rachel,rlethabridgems@salon.com,Bigender
Gwen,gjacobbemt@umn.edu,Genderfluid
Adelina,apettifermu@google.de,Male
Joseph,jsacklermv@bandcamp.com,Genderfluid
Janaya,jtailourmw@google.it,Male
Rosemonde,rcaulketmx@blogs.com,Bigender
Flss,fendrizzimy@dmoz.org,Genderfluid
Arnaldo,asemeradovamz@yahoo.com,Polygender
Ange,asarlln0@nyu.edu,Agender
Eimile,eenstonn1@sogou.com,Bigender
Vick,vcheltnamn2@soup.io,Non-binary
Theadora,tmcmenaminn3@soundcloud.com,Female
Horten,hroscown4@canalblog.com,Female
Bartholomeo,bkairnsn5@cnet.com,Genderfluid
Tris,tchaikovskin6@netvibes.com,Genderfluid
Brit,bmaggioren7@washington.edu,Bigender
Lindsay,lstreetingn8@yale.edu,Male
Lauri,lmaplestonen9@chron.com,Agender
Lettie,llittlepagena@skyrock.com,Polygender
Saw,smcgluenb@europa.eu,Genderfluid
Tobe,tburbudgenc@sphinn.com,Bigender
Patsy,pbuxynd@ca.gov,Non-binary
Halsey,hforlongne@ted.com,Female
Danyelle,dkarpovnf@dailymail.co.uk,Agender
Leanor,ldummettng@tripod.com,Bigender
Jacobo,jtaintonnh@free.fr,Female
Dulcine,drobberechtni@aol.com,Male
Bradford,bdallynnj@engadget.com,Agender
Bald,bgiacomellonk@networksolutions.com,Genderfluid
Montgomery,mbestwicknl@adobe.com,Polygender
Jareb,jlovewellnm@wix.com,Agender
Finlay,fmattosoffnn@sourceforge.net,Genderqueer
Maitilde,mcowndleyno@slideshare.net,Genderfluid
Callean,cespleynp@pinterest.com,Male
Norbie,nbizleynq@qq.com,Genderqueer
Davey,droakesnr@usda.gov,Bigender
Hank,hberensns@xinhuanet.com,Non-binary
Imojean,itilbrooknt@ft.com,Bigender
Cherianne,cfeeleynu@symantec.com,Bigender
Gualterio,gmarfieldnv@wisc.edu,Genderqueer
Shepard,scastannw@1688.com,Genderfluid
Linnea,lmettsnx@blogger.com,Polygender
Eb,emaingotny@mapquest.com,Non-binary
Alix,apeyntuenz@usgs.gov,Polygender
Kinna,kbrongero0@nature.com,Polygender
Athena,adwighto1@csmonitor.com,Agender
Locke,lnajarao2@is.gd,Non-binary
Bellanca,byeatmano3@behance.net,Bigender
Nelson,ndarringtono4@mit.edu,Genderqueer
Dietrich,dderobertiso5@paypal.com,Polygender
Germaine,gbakeo6@ehow.com,Polygender
Eilis,efindleyo7@mail.ru,Female
Isidora,itrayso8@dot.gov,Bigender
Dallas,djagielloo9@photobucket.com,Bigender
Corene,ctrenowethoa@comcast.net,Male
Delmor,ddumbltonob@sogou.com,Genderqueer
Opaline,ocoyteoc@nih.gov,Agender
Cale,ccressorod@arstechnica.com,Genderqueer
Sharon,sbainoe@delicious.com,Male
Isabella,ihoovartof@opensource.org,Genderqueer
Carlyle,cdibollog@bbc.co.uk,Male
Gardener,gdoudnyoh@vistaprint.com,Genderfluid
Cal,cvanyardoi@over-blog.com,Polygender
Brigg,bewinoj@apache.org,Genderfluid
Daveta,dlillicook@ucoz.ru,Bigender
Smitty,ssirmondol@bloglovin.com,Agender
Trip,tdaultonom@blogtalkradio.com,Female
Annecorinne,avasson@google.com.au,Genderfluid
Vida,vbottelloo@webs.com,Bigender
Ludovico,lcalwellop@skype.com,Genderqueer
Obadiah,obustoq@fotki.com,Non-binary
Loutitia,lpawlikor@symantec.com,Polygender
Roley,rlehrianos@newyorker.com,Bigender
Hermina,hstuffinsot@feedburner.com,Female
Talya,trobbeou@skyrock.com,Non-binary
Petra,pnovelloov@nytimes.com,Genderfluid
Shelli,sfarquharsonow@comcast.net,Polygender
Hesther,hrodenburghox@microsoft.com,Bigender
Mason,mdymockoy@paypal.com,Polygender
Stacia,ssellorsoz@tuttocitta.it,Female
Gallard,ghyattp0@soup.io,Genderqueer
Dehlia,dferriep1@amazon.co.jp,Female
Rici,rspittalp2@myspace.com,Genderqueer
Arly,ashardlowp3@goo.gl,Bigender
Dyane,dellesworthep4@fema.gov,Genderfluid
Cally,cmaunp5@mozilla.com,Polygender
Billy,bcasep6@slate.com,Non-binary
Lindsey,loverthrowp7@1und1.de,Genderfluid
Devlen,dcorwoodp8@latimes.com,Genderfluid
Lura,lwayp9@thetimes.co.uk,Female
King,kpickuppa@yelp.com,Polygender
Witty,whasseklpb@epa.gov,Non-binary
Grange,gmullearypc@tripod.com,Genderqueer
Elenore,efarrarpd@bing.com,Bigender
Tarrah,tnaishpe@nsw.gov.au,Genderqueer
Sheila,sbrackleypf@marketwatch.com,Male
Catarina,ccrottypg@umich.edu,Bigender
Patty,pbarthelemyph@skype.com,Polygender
Aggie,aquakleypi@howstuffworks.com,Genderfluid
Sherrie,sreadpj@merriam-webster.com,Non-binary
Chad,cazemapk@pen.io,Male
Joshua,jpelcheurpl@google.co.uk,Agender
Kerri,kblinckhornepm@nsw.gov.au,Agender
Jada,jlotheringtonpn@google.es,Polygender
Correna,cthoraldpo@shutterfly.com,Genderqueer
Goober,gliffepp@europa.eu,Polygender
Forrest,fmerigeaupq@google.cn,Agender
Felicio,fcancellerpr@ftc.gov,Polygender
Blondell,bquigleyps@marriott.com,Male
Dewitt,dslowcockpt@fastcompany.com,Genderfluid
Pierre,pearlpu@eepurl.com,Non-binary
Susana,schippingpv@php.net,Polygender
Fenelia,fnickolspw@businessinsider.com,Bigender
Ardelle,acoupmanpx@uiuc.edu,Genderfluid
Georas,gleiverspy@pinterest.com,Polygender
Estele,epitcockpz@gov.uk,Bigender
Meg,msilverthornq0@dailymotion.com,Polygender
Adelle,acortesq1@instagram.com,Polygender
Annamaria,amadgwickq2@theatlantic.com,Agender
Ferdinande,fchessillq3@census.gov,Male
Clement,cduxburyq4@intel.com,Female
Ansley,atarpeyq5@fema.gov,Non-binary
Lew,lgodspeedeq6@disqus.com,Non-binary
Lorena,lfuzzardq7@baidu.com,Non-binary
Graehme,gguiceq8@51.la,Polygender
Sela,saikenq9@godaddy.com,Female
Trueman,tkordtqa@ow.ly,Male
Andra,amcblainqb@bluehost.com,Genderfluid
Curry,cbromageqc@hp.com,Male
Leann,lmcfadzeanqd@dailymail.co.uk,Genderqueer
Adriena,asargeantqe@google.com.hk,Polygender
Darcie,dmckimmqf@github.com,Genderfluid
Celka,cglendzerqg@example.com,Polygender
Alicea,aroddieqh@blogspot.com,Genderfluid
Tome,tgrovehamqi@hexun.com,Agender
Flory,fbagotqj@flickr.com,Polygender
Peggy,pokeqk@dailymail.co.uk,Bigender
Leupold,lblacklyql@salon.com,Agender
Whitney,wgoodchildqm@flickr.com,Non-binary
Shoshana,sudeyqn@qq.com,Genderqueer
Zed,zlyddenqo@walmart.com,Agender
Georg,ghowchinqp@rediff.com,Polygender
Rosy,rovendaleqq@studiopress.com,Genderfluid
Sergeant,snowaczykqr@marriott.com,Agender
Lorene,lgavriellyqs@house.gov,Male
Randene,rhailesqt@mapy.cz,Male
Rosalyn,rlacroutzqu@addthis.com,Non-binary
Chris,cdixonqv@wikispaces.com,Non-binary
Phil,ptribeqw@mediafire.com,Female
Raffarty,rbraneyqx@cbc.ca,Bigender
Deena,dwaytqy@google.co.jp,Non-binary
Heloise,hogdahlqz@gravatar.com,Female
Dennie,dackredr0@ft.com,Agender
Zsazsa,ztweedr1@i2i.jp,Genderqueer
Gaylor,gcorryerr2@google.pl,Genderfluid
Octavius,ovanhover3@webeden.co.uk,Genderfluid
Layton,lwillshearr4@irs.gov,Genderqueer
Everett,egrigorianr5@fc2.com,Polygender
Angie,acattersonr6@berkeley.edu,Male
Yorke,ywyllcocksr7@nifty.com,Female
Amelia,aatwoolr8@t-online.de,Male
Georgeanna,gflintoffr9@odnoklassniki.ru,Male
Elysia,eperettra@who.int,Genderfluid
Myrwyn,mohickeerb@harvard.edu,Bigender
Sabrina,sgreenhowerc@tinyurl.com,Genderqueer
Valdemar,vwanklynrd@techcrunch.com,Agender
Bradly,bkuschelre@google.it,Genderfluid
Auroora,abedwardrf@prweb.com,Female
Dana,dyankovrg@networkadvertising.org,Genderqueer
Clevie,cskelingtonrh@g.co,Genderqueer
Olia,ocastanedari@naver.com,Female
Ambrose,apauluccirj@cdc.gov,Genderqueer
Elisabeth,ealeevyrk@hostgator.com,Genderqueer
Maribel,melfittrl@pen.io,Non-binary
Stefanie,sschwartzrm@csmonitor.com,Bigender
Andeee,adomanekrn@jigsy.com,Male
Antonella,ablowerro@geocities.com,Male
Cassy,cnealerp@aboutads.info,Genderqueer
Morten,mrozsarq@joomla.org,Non-binary
Gale,gbraunthalrr@cmu.edu,Non-binary
